country,state,city,station,last_update,latitude,longitude,pollutant_id,pollutant_min,pollutant_max,pm25
India,Arunachal_Pradesh,Naharlagun,"Naharlagun, Naharlagun - APSPCB",29-01-2026 14:00:00,27.103358,93.679645,PM2.5,69.0,460.0,194.0
India,Bihar,Begusarai,"Lohiyanagar, Begusarai - BSPCB",29-01-2026 14:00:00,25.42742023,86.13886079,PM2.5,22.0,107.0,72.0
India,Bihar,Bihar Sharif,"D M Colony, Bihar Sharif - BSPCB",29-01-2026 14:00:00,25.204762,85.51496,PM2.5,42.0,150.0,89.0
India,Andhra_Pradesh,Chittoor,"Gangineni Cheruvu, Chittoor - APPCB",29-01-2026 14:00:00,13.20488,79.097889,PM2.5,52.0,97.0,74.0
India,Bihar,Patna,"Muradpur, Patna - BSPCB",29-01-2026 14:00:00,25.619651,85.147382,PM2.5,48.0,130.0,79.0
India,Bihar,Patna,"Samanpura, Patna - BSPCB",29-01-2026 14:00:00,25.596727,85.085624,PM2.5,55.0,189.0,94.0
India,Delhi,Delhi,"Ashok Vihar, Delhi - DPCC",29-01-2026 14:00:00,28.695381,77.181665,PM2.5,103.0,358.0,257.0
India,Delhi,Delhi,"Aya Nagar, Delhi - IMD",29-01-2026 14:00:00,28.4706914,77.1099364,PM2.5,53.0,319.0,145.0
India,Delhi,Delhi,"Bawana, Delhi - DPCC",29-01-2026 14:00:00,28.7762,77.051074,PM2.5,103.0,365.0,238.0
India,Bihar,Siwan,"Chitragupta Nagar, Siwan - BSPCB",29-01-2026 14:00:00,26.2271665,84.3570427,PM2.5,7.0,173.0,55.0
India,Bihar,Patna,"DRM Office Danapur, Patna - BSPCB",29-01-2026 14:00:00,25.586562,85.043586,PM2.5,44.0,336.0,116.0
India,Gujarat,Ahmedabad,"Gyaspur, Ahmedabad - IITM",29-01-2026 14:00:00,22.977134,72.553024,PM2.5,70.0,145.0,114.0
India,Gujarat,Ahmedabad,"Raikhad, Ahmedabad - IITM",29-01-2026 14:00:00,23.020509,72.579261,PM2.5,52.0,189.0,101.0
India,Gujarat,Ahmedabad,"Rakhial, Ahmedabad - IITM",29-01-2026 14:00:00,23.016834,72.625775,PM2.5,48.0,267.0,112.0
India,Delhi,Delhi,"Lodhi Road, Delhi - IMD",29-01-2026 14:00:00,28.5918245,77.2273074,PM2.5,57.0,230.0,135.0
India,Delhi,Delhi,"Narela, Delhi - DPCC",29-01-2026 14:00:00,28.822836,77.101981,PM2.5,77.0,330.0,186.0
India,Delhi,Delhi,"Patparganj, Delhi - DPCC",29-01-2026 14:00:00,28.623763,77.287209,PM2.5,160.0,361.0,276.0
India,Delhi,Delhi,"DTU, Delhi - CPCB",29-01-2026 14:00:00,28.7500499,77.1112615,PM2.5,110.0,338.0,241.0
India,Haryana,Dharuhera,"Municipal Corporation Office, Dharuhera -  HSPCB",29-01-2026 14:00:00,28.2068,76.7997,PM2.5,87.0,329.0,222.0
India,Haryana,Faridabad,"Sector 30, Faridabad - HSPCB",29-01-2026 14:00:00,28.4417,77.3217,PM2.5,64.0,67.0,66.0
India,Haryana,Narnaul,"Shastri Nagar, Narnaul - HSPCB",29-01-2026 14:00:00,28.060249,76.113115,PM2.5,79.0,334.0,223.0
India,Haryana,Palwal,"Shyam Nagar, Palwal - HSPCB",29-01-2026 14:00:00,28.1485564,77.3320667,PM2.5,31.0,62.0,42.0
India,Haryana,Panchkula,"Sector-6, Panchkula - HSPCB ",29-01-2026 14:00:00,30.7057778,76.8531805555555,PM2.5,54.0,188.0,111.0
India,Haryana,Rohtak,"MD University, Rohtak - HSPCB",29-01-2026 14:00:00,28.52123,76.37138,PM2.5,71.0,149.0,114.0
India,Haryana,Mandikhera,"General Hospital, Mandikhera(Nuh) - HSPCB",29-01-2026 14:00:00,27.9002,76.9938,PM2.5,70.0,133.0,87.0
India,Gujarat,Gandhinagar,"Sector-10, Gandhinagar - GPCB",29-01-2026 14:00:00,23.221714,72.654328,PM2.5,54.0,301.0,115.0
India,Haryana,Jind,"Police Lines, Jind - HSPCB",29-01-2026 14:00:00,29.307814,76.337619,PM2.5,67.0,148.0,106.0
India,Kerala,Kannur,"Thavakkara, Kannur - Kerala PCB",29-01-2026 14:00:00,11.875,75.3732,PM2.5,92.0,114.0,102.0
India,Karnataka,Bengaluru,"Hombegowda Nagar, Bengaluru - KSPCB",29-01-2026 14:00:00,12.938539,77.5901,PM2.5,50.0,126.0,89.0
India,Karnataka,Madikeri,"Stuart Hill, Madikeri - KSPCB",29-01-2026 14:00:00,12.415911,75.73505,PM2.5,35.0,62.0,50.0
India,Maharashtra,Aurangabad,"More Chowk Waluj, Aurangabad - MPCB",29-01-2026 14:00:00,19.8389439,75.244448,PM2.5,57.0,114.0,74.0
India,Madhya Pradesh,Dewas,"Bhopal Chauraha, Dewas - MPPCB",29-01-2026 14:00:00,22.9682591,76.064118,PM2.5,76.0,167.0,121.0
India,Madhya Pradesh,Gwalior,"Deen Dayal Nagar, Gwalior - MPPCB",29-01-2026 14:00:00,26.259242,78.216432,PM2.5,33.0,202.0,94.0
India,Maharashtra,Belapur,"CBD Belapur, Belapur - MPCB",29-01-2026 14:00:00,19.0243902,73.0406721,PM2.5,44.0,151.0,83.0
India,Madhya Pradesh,Indore,"Residency Area, Indore - IMC",29-01-2026 14:00:00,22.7084,75.8815,PM2.5,43.0,67.0,52.0
India,Madhya Pradesh,Singrauli,"Suryakiran Bhawan NCL, Singrauli - MPPCB",29-01-2026 14:00:00,24.10897,82.64558,PM2.5,166.0,345.0,273.0
India,Madhya Pradesh,Mandideep,"Sector-D Industrial Area, Mandideep - MPPCB",29-01-2026 14:00:00,23.10844,77.511428,PM2.5,75.0,170.0,100.0
India,Kerala,Thrissur,"Corporation Ground, Thrissur - Kerala PCB",29-01-2026 14:00:00,10.5324,76.2159,PM2.5,53.0,71.0,59.0
India,Maharashtra,Mumbai,"Chhatrapati Shivaji Intl. Airport (T2), Mumbai - MPCB",29-01-2026 14:00:00,19.10078,72.87462,PM2.5,46.0,167.0,113.0
India,Maharashtra,Mumbai,"Borivali East, Mumbai - IITM",29-01-2026 14:00:00,19.23241,72.86895,PM2.5,43.0,91.0,64.0
India,Maharashtra,Mumbai,"Malad West, Mumbai - IITM",29-01-2026 14:00:00,19.19709,72.82204,PM2.5,19.0,86.0,47.0
India,Maharashtra,Pune,"Bhosari, Pune - IITM",29-01-2026 14:00:00,18.640051,73.848956,PM2.5,29.0,121.0,74.0
India,Maharashtra,Pune,"Bhumkar Nagar, Pune - IITM",29-01-2026 14:00:00,18.60577,73.749976,PM2.5,85.0,310.0,170.0
India,Maharashtra,Solapur,"Dnyaneshwar Nagar, Solapur - MPCB",29-01-2026 14:00:00,17.6336264,75.9132495,PM2.5,83.0,201.0,102.0
India,Maharashtra,Thane,"Upvan Fort, Thane - MPCB",29-01-2026 14:00:00,19.222279,72.957979,PM2.5,39.0,126.0,66.0
India,Maharashtra,Pune,"Savitribai Phule Pune University, Pune - MPCB",29-01-2026 14:00:00,18.547056,73.826908,PM2.5,50.0,90.0,76.0
India,Maharashtra,Pune,"Transport Nagar-Nigdi, Pune - IITM",29-01-2026 14:00:00,18.664282,73.763966,PM2.5,33.0,147.0,68.0
India,Odisha,Barbil,"Forest Office, Barbil - OSPCB",29-01-2026 14:00:00,22.1166054,85.3945546,PM2.5,157.0,435.0,242.0
India,Odisha,Rairangpur,"Divisional Forest Office, Rairangpur - OSPCB",29-01-2026 14:00:00,22.265816,86.174829,PM2.5,55.0,214.0,90.0
India,Rajasthan,Barmer,"Railway Colony, Barmer - RSPCB",29-01-2026 14:00:00,25.747299,71.393989,PM2.5,17.0,73.0,38.0
India,Odisha,Rourkela,"Sector-2, Rourkela - OSPCB",29-01-2026 14:00:00,22.245,84.88111111,PM2.5,39.0,71.0,51.0
India,Rajasthan,Ajmer,"Civil Lines,  Ajmer - RSPCB",29-01-2026 14:00:00,26.470859,74.646594,PM2.5,69.0,147.0,100.0
India,Rajasthan,Baran,"Bamboliya, Baran - RSPCB",29-01-2026 14:00:00,25.106006,76.469948,PM2.5,17.0,302.0,152.0
India,Rajasthan,Chittorgarh,"Shastri Nagar, Chittorgarh - RSPCB",29-01-2026 14:00:00,24.892047,74.623527,PM2.5,73.0,325.0,205.0
India,Rajasthan,Churu,"Subash Chowk, Churu - RSPCB",29-01-2026 14:00:00,28.296139,74.961696,PM2.5,56.0,240.0,147.0
India,Rajasthan,Bhiwadi,"Vasundhara Nagar_UIT, Bhiwadi - RSPCB",29-01-2026 14:00:00,28.207266,76.829265,PM2.5,57.0,260.0,143.0
India,Rajasthan,Bundi,"New Colony, Bundi - RSPCB",29-01-2026 14:00:00,25.435774,75.644272,PM2.5,123.0,326.0,262.0
India,Rajasthan,Kota,"Dhanmandi, Kota - RSPCB",29-01-2026 14:00:00,25.16409,75.858137,PM2.5,97.0,315.0,221.0
India,Rajasthan,Jaipur,"Police Commissionerate, Jaipur - RSPCB",29-01-2026 14:00:00,26.9164092,75.7994901,PM2.5,70.0,199.0,134.0
India,TamilNadu,Chennai,"Royapuram, Chennai - TNPCB",29-01-2026 14:00:00,13.1036,80.2909,PM2.5,89.0,162.0,129.0
India,TamilNadu,Chennai,"Velachery Res. Area, Chennai - CPCB",29-01-2026 14:00:00,13.0052189,80.2398125,PM2.5,63.0,140.0,96.0
India,TamilNadu,Coimbatore,"SIDCO Kurichi, Coimbatore - TNPCB",29-01-2026 14:00:00,10.942451,76.978996,PM2.5,50.0,124.0,82.0
India,Telangana,Hyderabad,"Ramachandrapuram, Hyderabad - TSPCB",29-01-2026 14:00:00,17.528544,78.286195,PM2.5,38.0,49.0,41.0
India,TamilNadu,Pudukottai,"SIPCOT Nathampannai, Pudukottai - TNPCB",29-01-2026 14:00:00,10.423417,78.784889,PM2.5,61.0,168.0,92.0
India,Telangana,Hyderabad,"IDA Pashamylaram, Hyderabad - TSPCB",29-01-2026 14:00:00,17.5316895,78.218939,PM2.5,40.0,87.0,69.0
India,Rajasthan,Tonk,"Shastri Nagar, Tonk - RSPCB",29-01-2026 14:00:00,26.159933,75.780517,PM2.5,88.0,365.0,254.0
India,Uttar_Pradesh,Meerut,"Jai Bhim Nagar, Meerut - UPPCB",29-01-2026 14:00:00,28.9535882,77.7622941,PM2.5,78.0,319.0,159.0
India,Uttar_Pradesh,Meerut,"Pallavpuram Phase 2, Meerut - UPPCB",29-01-2026 14:00:00,29.06351,77.709723,PM2.5,63.0,313.0,141.0
India,Uttar_Pradesh,Moradabad,"Employment Office, Moradabad - UPPCB",29-01-2026 14:00:00,28.88528,78.7388,PM2.5,31.0,119.0,78.0
India,Uttar_Pradesh,Lucknow,"Kukrail Picnic Spot-1, Lucknow - UPPCB",29-01-2026 14:00:00,26.90723,80.98579,PM2.5,9.0,49.0,29.0
India,Uttar_Pradesh,Lucknow,"Gomti Nagar, Lucknow - UPPCB",29-01-2026 14:00:00,26.86812,81.005119,PM2.5,12.0,95.0,43.0
India,Uttar_Pradesh,Firozabad,"Nagla Bhau, Firozabad - UPPCB",29-01-2026 14:00:00,27.168897,78.37696,PM2.5,22.0,70.0,32.0
India,Uttar_Pradesh,Kanpur,"NSI Kalyanpur, Kanpur - UPPCB",29-01-2026 14:00:00,26.509954,80.249612,PM2.5,10.0,46.0,30.0
India,Uttar_Pradesh,Firozabad,"Vibhab Nagar, Firozabad - UPPCB",29-01-2026 14:00:00,27.1594,78.3953,PM2.5,28.0,62.0,45.0
India,Uttar_Pradesh,Varanasi,"Ardhali Bazar, Varanasi - UPPCB",29-01-2026 14:00:00,25.3505986,82.9083074,PM2.5,14.0,51.0,30.0
India,Uttar_Pradesh,Varanasi,"Maldahiya, Varanasi - UPPCB",29-01-2026 14:00:00,25.32393,82.99687,PM2.5,19.0,64.0,43.0
India,Uttarakhand,Dehradun,"Doon University, Dehradun - UKPCB",29-01-2026 14:00:00,30.269444,78.044167,PM2.5,1.0,236.0,77.0
India,West_Bengal,Asansol,"Evelyn Lodge, Asansol - WBPCB",29-01-2026 14:00:00,23.697936,86.944395,PM2.5,81.0,303.0,141.0
India,West_Bengal,Durgapur,"Mahishkapur Road_B-Zone, Durgapur - WBPCB",29-01-2026 14:00:00,23.567923,87.306843,PM2.5,85.0,162.0,111.0
India,West_Bengal,Durgapur,"Womens College_City Center, Durgapur - WBPCB",29-01-2026 14:00:00,23.549395,87.300496,PM2.5,108.0,243.0,160.0
India,West_Bengal,Howrah,"Belur Math, Howrah - WBPCB",29-01-2026 14:00:00,22.629801,88.352017,PM2.5,84.0,308.0,196.0
India,West_Bengal,Siliguri,"Ward-32 Bapupara, Siliguri - WBPCB",29-01-2026 14:00:00,26.6879226,88.4152495,PM2.5,60.0,182.0,106.0
India,Bihar,Hajipur,"Industrial Area, Hajipur - BSPCB",29-01-2026 14:00:00,25.697189,85.2459,PM2.5,63.0,292.0,129.0
India,Andhra_Pradesh,Amaravati,"Secretariat, Amaravati - APPCB",29-01-2026 14:00:00,16.5150833,80.5181667,PM2.5,162.0,321.0,223.0
India,Bihar,Manguraha,"Forest Rest House, Manguraha - BSPCB",29-01-2026 14:00:00,27.308328,84.531742,PM2.5,48.0,328.0,146.0
India,Bihar,Motihari,"Gandak Colony, Motihari - BSPCB",29-01-2026 14:00:00,26.63086,84.90051,PM2.5,27.0,220.0,72.0
India,Andhra_Pradesh,Tirupati,"Vaikuntapuram, Tirupati - APPCB",29-01-2026 14:00:00,13.615387,79.40923,PM2.5,45.0,80.0,51.0
India,Andhra_Pradesh,Vijayawada,"HB Colony, Vijayawada - APPCB",29-01-2026 14:00:00,16.536107,80.594233,PM2.5,50.0,88.0,69.0
India,Bihar,Patna,"IGSC Planetarium Complex, Patna - BSPCB",29-01-2026 14:00:00,25.610369,85.132568,PM2.5,32.0,246.0,85.0
India,Chhattisgarh,Milupara,"Govt. Higher Secondary School, Milupara - CECB",29-01-2026 14:00:00,22.1910172,83.5197009,PM2.5,91.0,181.0,125.0
India,Chhattisgarh,Raipur,"Krishak Nagar, Raipur - CECB",29-01-2026 14:00:00,21.237755,81.705301,PM2.5,63.0,80.0,72.0
India,Chhattisgarh,Raipur,"Siltara Phase-II, Raipur - CECB",29-01-2026 14:00:00,21.371751,81.664929,PM2.5,36.0,227.0,120.0
India,Chandigarh,Chandigarh,"Sector 22, Chandigarh - CPCC",29-01-2026 14:00:00,30.735567,76.775714,PM2.5,38.0,110.0,63.0
India,Chhattisgarh,Korba,"Rampur, Korba - CECB",29-01-2026 14:00:00,22.368195,82.746431,PM2.5,62.0,91.0,76.0
India,Chhattisgarh,Bhilai,"Hathkhoj, Bhilai - CECB",29-01-2026 14:00:00,21.224231,81.40835,PM2.5,36.0,166.0,70.0
India,Bihar,Saharsa,"Police Line, Saharsa - BSPCB",29-01-2026 14:00:00,25.892357,86.590325,PM2.5,34.0,235.0,116.0
India,Delhi,Delhi,"Shadipur, Delhi - CPCB",29-01-2026 14:00:00,28.6514781,77.1473105,PM2.5,88.0,268.0,141.0
India,Delhi,Delhi,"Sri Aurobindo Marg, Delhi - DPCC",29-01-2026 14:00:00,28.531346,77.190156,PM2.5,120.0,260.0,187.0
India,Delhi,Delhi,"CRRI Mathura Road, Delhi - IMD",29-01-2026 14:00:00,28.5512005,77.2735737,PM2.5,93.0,319.0,189.0
India,Delhi,Delhi,"Dr. Karni Singh Shooting Range, Delhi - DPCC",29-01-2026 14:00:00,28.498571,77.26484,PM2.5,170.0,386.0,291.0
India,Delhi,Delhi,"Jawaharlal Nehru Stadium, Delhi - DPCC",29-01-2026 14:00:00,28.58028,77.233829,PM2.5,133.0,349.0,264.0
India,Gujarat,Ahmedabad,"SAC ISRO Bopal, Ahmedabad - IITM",29-01-2026 14:00:00,23.041137,72.456691,PM2.5,76.0,184.0,115.0
India,Delhi,Delhi,"IHBAS, Dilshad Garden, Delhi - CPCB",29-01-2026 14:00:00,28.6811736,77.3025234,PM2.5,55.0,308.0,179.0
India,Haryana,Ambala,"Patti Mehar, Ambala - HSPCB",29-01-2026 14:00:00,30.379589,76.778328,PM2.5,26.0,70.0,49.0
India,Haryana,Ballabgarh,"Nathu Colony, Ballabgarh - HSPCB",29-01-2026 14:00:00,28.3419248,77.319699,PM2.5,100.0,232.0,159.0
India,Gujarat,Surat,"Science Center, Surat - SMC",29-01-2026 14:00:00,21.170046,72.795405,PM2.5,2.0,50.0,21.0
India,Gujarat,Bhavnagar,"Vidhyanagar, Bhavnagar - Nexteng Enviro",29-01-2026 14:00:00,21.755417,72.139056,PM2.5,42.0,313.0,180.0
India,Haryana,Karnal,"Sector-12, Karnal - HSPCB",29-01-2026 14:00:00,29.6953,77.0027,PM2.5,8.0,64.0,26.0
India,Haryana,Gurugram,"Teri Gram, Gurugram - HSPCB",29-01-2026 14:00:00,28.4275,77.1465,PM2.5,181.0,313.0,261.0
India,Karnataka,Bengaluru,"Jigani, Bengaluru - KSPCB",29-01-2026 14:00:00,12.7816279,77.6299145,PM2.5,43.0,81.0,62.0
India,Karnataka,Bengaluru,"RVCE-Mailasandra, Bengaluru - KSPCB",29-01-2026 14:00:00,12.921418,77.502466,PM2.5,64.0,310.0,202.0
India,Karnataka,Mysuru,"Hebbal 1st Stage, Mysuru - KSPCB",29-01-2026 14:00:00,12.21041,76.37376,PM2.5,37.0,67.0,56.0
India,Karnataka,Bengaluru,"Shivapura_Peenya, Bengaluru - KSPCB",29-01-2026 14:00:00,13.0246342,77.5080115,PM2.5,23.0,48.0,31.0
India,Karnataka,Chamarajanagar,"Urban, Chamarajanagar - KSPCB",29-01-2026 14:00:00,11.55358,76.55521,PM2.5,19.0,48.0,31.0
India,Karnataka,Shivamogga,"Vinoba Nagara, Shivamogga - KSPCB",29-01-2026 14:00:00,13.94,75.555917,PM2.5,32.0,52.0,41.0
India,Madhya Pradesh,Ratlam,"Shasthri Nagar, Ratlam - IPCA Lab",29-01-2026 14:00:00,23.331731,75.045981,PM2.5,24.0,125.0,72.0
India,Madhya Pradesh,Sagar,"Civil Lines, Sagar - MPPCB",29-01-2026 14:00:00,23.838586,78.759431,PM2.5,52.0,138.0,81.0
India,Madhya Pradesh,Satna,"Bandhavgar Colony, Satna - Birla Cement",29-01-2026 14:00:00,24.58434363,80.8549414,PM2.5,48.0,51.0,50.0
India,Madhya Pradesh,Indore,"Chhoti Gwaltoli, Indore - MPPCB",29-01-2026 14:00:00,22.431,75.5213,PM2.5,55.0,105.0,81.0
India,Kerala,Thiruvananthapuram,"Kariavattom, Thiruvananthapuram - Kerala PCB",29-01-2026 14:00:00,8.5637,76.8865,PM2.5,66.0,283.0,155.0
India,Maharashtra,Aurangabad,"Rachnakar Colony, Aurangabad - MPCB",29-01-2026 14:00:00,19.863756,75.321188,PM2.5,56.0,123.0,80.0
India,Madhya Pradesh,Katni,"Gole Bazar, Katni - MPPCB",29-01-2026 14:00:00,23.50016,80.23284,PM2.5,65.0,130.0,83.0
India,Maharashtra,Bhiwandi,"Gokul Nagar, Bhiwandi - MPCB",29-01-2026 14:00:00,19.309073,73.057223,PM2.5,21.0,127.0,70.0
India,Maharashtra,Mumbai,"Chembur, Mumbai - MPCB",29-01-2026 14:00:00,19.0364585,72.8954371,PM2.5,32.0,73.0,54.0
India,Maharashtra,Mumbai,"Borivali East, Mumbai - MPCB",29-01-2026 14:00:00,19.2243333,72.8658113,PM2.5,15.0,42.0,32.0
India,Maharashtra,Mumbai,"Byculla, Mumbai - BMC",29-01-2026 14:00:00,18.9767,72.838,PM2.5,11.0,135.0,68.0
India,Maharashtra,Nashik,"Hirawadi, Nashik - MPCB",29-01-2026 14:00:00,20.021503,73.813844,PM2.5,43.0,71.0,52.0
India,Maharashtra,Pimpri-Chinchwad,"Thergaon, Pimpri Chinchwad - MPCB",29-01-2026 14:00:00,18.616318,73.765797,PM2.5,53.0,88.0,65.0
India,Maharashtra,Nagpur,"Opp GPO Civil Lines, Nagpur - MPCB",29-01-2026 14:00:00,21.152875,79.0517531,PM2.5,64.0,270.0,145.0
India,Maharashtra,Mumbai,"Siddharth Nagar-Worli, Mumbai - IITM",29-01-2026 14:00:00,19.000083,72.813993,PM2.5,45.0,88.0,58.0
India,Maharashtra,Navi Mumbai,"Nerul, Navi Mumbai - MPCB",29-01-2026 14:00:00,19.008751,73.01662,PM2.5,33.0,93.0,59.0
India,Punjab,Jalandhar,"Civil Line, Jalandhar - PPCB",29-01-2026 14:00:00,31.321907,75.578914,PM2.5,22.0,99.0,55.0
India,Punjab,Ludhiana,"Punjab Agricultural University, Ludhiana - PPCB",29-01-2026 14:00:00,30.9028,75.8086,PM2.5,70.0,201.0,113.0
India,Punjab,Mandi Gobindgarh,"RIMT University, Mandi Gobindgarh - PPCB",29-01-2026 14:00:00,30.649961,76.331442,PM2.5,1.0,149.0,70.0
India,Odisha,Brajrajnagar,"GM Office, Brajrajnagar - OSPCB",29-01-2026 14:00:00,21.8004996,83.8396977,PM2.5,74.0,331.0,180.0
India,Odisha,Byasanagar,"Ferro Chrome Colony, Byasanagar - OSPCB",29-01-2026 14:00:00,20.94185,86.1151,PM2.5,167.0,311.0,219.0
India,Punjab,Rupnagar,"Ratanpura, Rupnagar - Ambuja Cements",29-01-2026 14:00:00,31.0325454,76.5623046,PM2.5,5.0,30.0,19.0
India,Odisha,Baripada,"Meher Colony, Baripada - OSPCB",29-01-2026 14:00:00,21.941841,86.728318,PM2.5,120.0,308.0,227.0
India,Odisha,Bhubaneswar,"Patia, Bhubaneswar - OSPCB",29-01-2026 14:00:00,20.34652,85.8163,PM2.5,72.0,163.0,109.0
India,Punjab,Amritsar,"Golden Temple, Amritsar - PPCB",29-01-2026 14:00:00,31.62,74.876512,PM2.5,37.0,441.0,91.0
India,Rajasthan,Jhalawar,"Rajlaxmi Nagar, Jhalawar - RSPCB",29-01-2026 14:00:00,24.588397,76.172782,PM2.5,65.0,197.0,114.0
India,Rajasthan,Rajsamand,"Dhoinda, Rajsamand - RSPCB",29-01-2026 14:00:00,25.03636,73.883502,PM2.5,17.0,183.0,97.0
India,Rajasthan,Sawai Madhopur,"Sahu Nagar, Sawai Madhopur - RSPCB",29-01-2026 14:00:00,26.031443,76.359327,PM2.5,57.0,317.0,142.0
India,Rajasthan,Jodhpur,"Digari Kalan, Jodhpur - RSPCB",29-01-2026 14:00:00,26.29581,73.082283,PM2.5,15.0,133.0,61.0
India,Rajasthan,Jodhpur,"Mandor, Jodhpur - RSPCB",29-01-2026 14:00:00,26.358805,73.047444,PM2.5,20.0,163.0,75.0
India,Rajasthan,Bikaner,"MM Ground, Bikaner - RSPCB",29-01-2026 14:00:00,28.018792,73.292658,PM2.5,45.0,237.0,122.0
India,Rajasthan,Hanumangarh,"Housing Board, Hanumangarh - RSPCB",29-01-2026 14:00:00,29.61075,74.283608,PM2.5,28.0,394.0,109.0
India,Rajasthan,Karauli,"Satyawati Vihar, Karauli - RSPCB",29-01-2026 14:00:00,26.506177,77.025989,PM2.5,42.0,276.0,107.0
India,Rajasthan,Sri Ganganagar,"Old City, Sri Ganganagar - RSPCB",29-01-2026 14:00:00,29.931624,73.864511,PM2.5,35.0,300.0,101.0
India,Rajasthan,Udaipur,"Ashok Nagar, Udaipur - RSPCB",29-01-2026 14:00:00,24.5886166,73.6321397,PM2.5,33.0,232.0,99.0
India,Sikkim,Gangtok,"Zero Point GICI, Gangtok - SSPCB",29-01-2026 14:00:00,27.33853,88.614099,PM2.5,25.0,67.0,44.0
India,Telangana,Hyderabad,"Central University, Hyderabad - TSPCB",29-01-2026 14:00:00,17.460103,78.334361,PM2.5,56.0,116.0,77.0
India,Telangana,Hyderabad,"Nacharam_TSIIC IALA, Hyderabad - TSPCB",29-01-2026 14:00:00,17.429398,78.569354,PM2.5,54.0,74.0,71.0
India,Telangana,Hyderabad,"New Malakpet, Hyderabad - TSPCB",29-01-2026 14:00:00,17.37206,78.50864,PM2.5,41.0,79.0,59.0
India,Uttar_Pradesh,Agra,"Shastripuram, Agra - UPPCB",29-01-2026 14:00:00,27.19862,77.92066,PM2.5,39.0,145.0,74.0
India,TamilNadu,Chennai,"Kodungaiyur, Chennai - TNPCB",29-01-2026 14:00:00,13.1278,80.2642,PM2.5,108.0,331.0,179.0
India,TamilNadu,Chennai,"Manali Village, Chennai - TNPCB",29-01-2026 14:00:00,13.1662,80.2584,PM2.5,73.0,215.0,119.0
India,Telangana,Hyderabad,"Sanathnagar, Hyderabad - TSPCB",29-01-2026 14:00:00,17.4559458,78.4332152,PM2.5,53.0,159.0,92.0
India,Telangana,Hyderabad,"Somajiguda, Hyderabad - TSPCB",29-01-2026 14:00:00,17.417094,78.457437,PM2.5,56.0,78.0,60.0
India,Telangana,Hyderabad,"ICRISAT Patancheru, Hyderabad - TSPCB",29-01-2026 14:00:00,17.5184,78.278777,PM2.5,53.0,153.0,88.0
India,Telangana,Hyderabad,"IITH Kandi, Hyderabad - TSPCB",29-01-2026 14:00:00,17.585705,78.126199,PM2.5,17.0,208.0,71.0
India,Uttar_Pradesh,Ghaziabad,"Loni, Ghaziabad - UPPCB",29-01-2026 14:00:00,28.757294,77.278792,PM2.5,162.0,488.0,312.0
India,Uttar_Pradesh,Noida,"Sector - 125, Noida - UPPCB",29-01-2026 14:00:00,28.5447608,77.3231257,PM2.5,152.0,349.0,272.0
India,Uttar_Pradesh,Lucknow,"Talkatora District Industries Center, Lucknow - CPCB",29-01-2026 14:00:00,26.83399722,80.8917361,PM2.5,50.0,166.0,95.0
India,Uttar_Pradesh,Greater Noida,"Knowledge Park - V, Greater Noida - UPPCB",29-01-2026 14:00:00,28.557054,77.453663,PM2.5,202.0,416.0,302.0
India,Uttar_Pradesh,Moradabad,"Eco Herbal Park, Moradabad - UPPCB",29-01-2026 14:00:00,28.840739,78.697531,PM2.5,16.0,82.0,56.0
India,Uttar_Pradesh,Moradabad,"Kashiram Nagar, Moradabad - UPPCB",29-01-2026 14:00:00,28.849399,78.742362,PM2.5,26.0,64.0,50.0
India,Uttar_Pradesh,Khurja,"Kalindi Kunj, Khurja - UPPCB",29-01-2026 14:00:00,28.2348927,77.8683002,PM2.5,7.0,112.0,45.0
India,Uttar_Pradesh,Noida,"Sector-116, Noida - UPPCB",29-01-2026 14:00:00,28.56923,77.393848,PM2.5,164.0,355.0,278.0
India,Uttar_Pradesh,Prayagraj,"Jhunsi, Prayagraj - UPPCB",29-01-2026 14:00:00,25.425602,81.917152,PM2.5,30.0,82.0,55.0
India,Uttar_Pradesh,Prayagraj,"Motilal Nehru NIT, Prayagraj - UPPCB",29-01-2026 14:00:00,25.494,81.863,PM2.5,45.0,77.0,56.0
India,Uttar_Pradesh,Prayagraj,"Nagar Nigam, Prayagraj - UPPCB",29-01-2026 14:00:00,25.44919916,81.82735986,PM2.5,27.0,64.0,47.0
India,Uttar_Pradesh,Varanasi,"IESD Banaras Hindu University, Varanasi - UPPCB",29-01-2026 14:00:00,25.262326,82.995408,PM2.5,3.0,53.0,31.0
India,West_Bengal,Haldia,"Priyambada Housing Estate, Haldia - WBPCB",29-01-2026 14:00:00,22.06047,88.109737,PM2.5,83.0,300.0,173.0
India,West_Bengal,Howrah,"Ghusuri, Howrah - WBPCB",29-01-2026 14:00:00,22.611968,88.347422,PM2.5,95.0,384.0,286.0
India,West_Bengal,Kolkata,"Rabindra Sarobar, Kolkata - WBPCB",29-01-2026 14:00:00,22.51106,88.35142,PM2.5,9.0,255.0,160.0
India,Bihar,Gaya,"Kareemganj, Gaya - BSPCB",29-01-2026 14:00:00,24.792403,84.992416,PM2.5,35.0,100.0,72.0
India,Andhra_Pradesh,Rajamahendravaram,"Anand Kala Kshetram, Rajamahendravaram - APPCB",29-01-2026 14:00:00,16.9872867,81.7363176,PM2.5,144.0,266.0,198.0
India,Andhra_Pradesh,Tirumala,"Toll Gate, Tirumala - APPCB",29-01-2026 14:00:00,13.67,79.35,PM2.5,115.0,233.0,167.0
India,Bihar,Munger,"Town Hall, Munger - BSPCB",29-01-2026 14:00:00,25.376776,86.471523,PM2.5,52.0,237.0,112.0
India,Assam,Silchar,"Tarapur, Silchar - PCBA",29-01-2026 14:00:00,24.82827,92.79525,PM2.5,24.0,85.0,40.0
India,Assam,Sivasagar,"Girls College, Sivasagar - PCBA",29-01-2026 14:00:00,26.987634,94.636574,PM2.5,28.0,96.0,59.0
India,Bihar,Araria,"Kharahiya Basti, Araria - BSPCB",29-01-2026 14:00:00,26.146529,87.454184,PM2.5,33.0,177.0,114.0
India,Assam,Byrnihat,"Central Academy for SFS, Byrnihat - PCBA",29-01-2026 14:00:00,26.071318,91.87488,PM2.5,90.0,315.0,160.0
India,Assam,Guwahati,"Pan Bazaar, Guwahati - PCBA",29-01-2026 14:00:00,26.1875,91.744194,PM2.5,44.0,273.0,140.0
India,Assam,Nalbari,"Bata Chowk, Nalbari - PCBA",29-01-2026 14:00:00,26.446912,91.439057,PM2.5,101.0,189.0,149.0
India,Bihar,Bhagalpur,"Mayaganj, Bhagalpur - BSPCB",29-01-2026 14:00:00,25.265194,87.012947,PM2.5,23.0,87.0,60.0
India,Chhattisgarh,Kunjemura,"OP Jindal School, Kunjemura - CECB",29-01-2026 14:00:00,22.12665,83.483212,PM2.5,61.0,213.0,154.0
India,Bihar,Muzaffarpur,"Buddha Colony, Muzaffarpur - BSPCB",29-01-2026 14:00:00,26.11442,85.39813,PM2.5,23.0,302.0,142.0
India,Bihar,Muzaffarpur,"MIT-Daudpur Kothi, Muzaffarpur - BSPCB",29-01-2026 14:00:00,26.1403345,85.3650192,PM2.5,95.0,117.0,109.0
India,Bihar,Muzaffarpur,"Muzaffarpur Collectorate, Muzaffarpur - BSPCB",29-01-2026 14:00:00,26.1209,85.3647,PM2.5,110.0,130.0,127.0
India,Bihar,Purnia,"Mariam Nagar, Purnia - BSPCB",29-01-2026 14:00:00,25.366336,87.117468,PM2.5,77.0,200.0,121.0
India,Bihar,Patna,"Govt. High School Shikarpur, Patna - BSPCB",29-01-2026 14:00:00,25.592539,85.227158,PM2.5,68.0,85.0,76.0
India,Bihar,Patna,"Rajbansi Nagar, Patna - BSPCB",29-01-2026 14:00:00,25.599486,85.113666,PM2.5,48.0,132.0,79.0
India,Chhattisgarh,Bhilai,"Civic Center, Bhilai - Bhilai Steel Plant",29-01-2026 14:00:00,21.185571,81.343175,PM2.5,30.0,97.0,56.0
India,Delhi,Delhi,"ITO, Delhi - CPCB",29-01-2026 14:00:00,28.628624,77.24106,PM2.5,89.0,324.0,226.0
India,Delhi,Delhi,"Major Dhyan Chand National Stadium, Delhi - DPCC",29-01-2026 14:00:00,28.611281,77.237738,PM2.5,110.0,319.0,242.0
India,Delhi,Delhi,"IGI Airport (T3), Delhi - IMD",29-01-2026 14:00:00,28.5627763,77.1180053,PM2.5,74.0,321.0,173.0
India,Delhi,Delhi,"Burari Crossing, Delhi - IMD",29-01-2026 14:00:00,28.7256504,77.2011573,PM2.5,86.0,329.0,210.0
India,Delhi,Delhi,"Chandni Chowk, Delhi - IITM",29-01-2026 14:00:00,28.656756,77.227234,PM2.5,130.0,329.0,295.0
India,Delhi,Delhi,"Pusa, Delhi - IMD",29-01-2026 14:00:00,28.63611,77.173332,PM2.5,58.0,319.0,174.0
India,Delhi,Delhi,"R K Puram, Delhi - DPCC",29-01-2026 14:00:00,28.563262,77.186937,PM2.5,180.0,395.0,303.0
India,Delhi,Delhi,"Mandir Marg, Delhi - DPCC",29-01-2026 14:00:00,28.636429,77.201067,PM2.5,13.0,305.0,139.0
India,Delhi,Delhi,"Mundka, Delhi - DPCC",29-01-2026 14:00:00,28.684678,77.076574,PM2.5,150.0,356.0,271.0
India,Gujarat,Ahmedabad,"Maninagar, Ahmedabad - GPCB",29-01-2026 14:00:00,23.002657,72.591912,PM2.5,61.0,180.0,105.0
India,Haryana,Gurugram,"Sector-51, Gurugram - HSPCB",29-01-2026 14:00:00,28.4227,77.0667,PM2.5,99.0,343.0,261.0
India,Haryana,Gurugram,"Vikas Sadan, Gurugram - HSPCB",29-01-2026 14:00:00,28.4501238,77.0263051,PM2.5,124.0,380.0,266.0
India,Haryana,Hisar,"Urban Estate-II, Hisar - HSPCB",29-01-2026 14:00:00,29.14056,75.744941,PM2.5,39.0,81.0,56.0
India,Haryana,Panchgaon,"Amity University, Panchgaon - IITM",29-01-2026 14:00:00,28.3153,76.9143,PM2.5,8.0,145.0,40.0
India,Gujarat,Gandhinagar,"GIFT City, Gandhinagar - IITM",29-01-2026 14:00:00,23.163798,72.677768,PM2.5,33.0,94.0,61.0
India,Jammu_and_Kashmir,Srinagar,"Khunmoh, Srinagar - JKPCC",29-01-2026 14:00:00,34.06313,74.96017,PM2.5,15.0,30.0,24.0
India,Karnataka,Belgaum,"Ramteerth Nagar, Belgaum - KSPCB",29-01-2026 14:00:00,15.888653,74.541751,PM2.5,37.0,153.0,67.0
India,Haryana,Yamuna Nagar,"Gobind Pura, Yamuna Nagar - HSPCB",29-01-2026 14:00:00,30.1480566,77.2893471,PM2.5,49.0,96.0,79.0
India,Himachal Pradesh,Baddi,"HIMUDA Complex Phase-1, Baddi - HPPCB",29-01-2026 14:00:00,30.943887,76.801991,PM2.5,28.0,180.0,70.0
India,Karnataka,Bengaluru,"Jayanagar 5th Block, Bengaluru - KSPCB",29-01-2026 14:00:00,12.920984,77.584908,PM2.5,70.0,166.0,120.0
India,Karnataka,Chikkaballapur,"Chikkaballapur Rural, Chikkaballapur - KSPCB",29-01-2026 14:00:00,13.428828,77.731418,PM2.5,47.0,186.0,127.0
India,Karnataka,Chikkamagaluru,"Kalyana Nagara, Chikkamagaluru - KSPCB",29-01-2026 14:00:00,13.328028,75.797056,PM2.5,41.0,99.0,62.0
India,Karnataka,Yadgir,"Collector Office, Yadgir - KSPCB",29-01-2026 14:00:00,16.7602,77.1428,PM2.5,86.0,212.0,131.0
India,Kerala,Eloor,"Udyogamandal, Eloor - Kerala PCB",29-01-2026 14:00:00,10.073232,76.302765,PM2.5,80.0,222.0,132.0
India,Karnataka,Kalaburagi,"Mahatma Basaveswar Colony, Kalaburgi - KSPCB",29-01-2026 14:00:00,17.336318,76.847397,PM2.5,21.0,58.0,43.0
India,Karnataka,Bengaluru,"Hebbal, Bengaluru - KSPCB",29-01-2026 14:00:00,13.029152,77.585901,PM2.5,61.0,194.0,139.0
India,Karnataka,Ramanagara,"Vijay Nagar, Ramanagara - KSPCB",29-01-2026 14:00:00,12.733409,77.298051,PM2.5,51.0,166.0,119.0
India,Madhya Pradesh,Jabalpur,"Suhagi, Jabalpur - JMC",29-01-2026 14:00:00,23.218135,79.95777,PM2.5,64.0,189.0,108.0
India,Madhya Pradesh,Jabalpur,"Govindh Bhavan Colony, Jabalpur - JMC",29-01-2026 14:00:00,23.163174,79.973061,PM2.5,72.0,193.0,125.0
India,Kerala,Kollam,"Polayathode, Kollam - Kerala PCB",29-01-2026 14:00:00,8.8787,76.6073,PM2.5,115.0,201.0,148.0
India,Kerala,Thiruvananthapuram,"Plammoodu, Thiruvananthapuram - Kerala PCB",29-01-2026 14:00:00,8.5149093,76.9435879,PM2.5,40.0,72.0,54.0
India,Madhya Pradesh,Bhopal,"Idgah Hills, Bhopal - MPPCB",29-01-2026 14:00:00,23.264759,77.381568,PM2.5,73.0,177.0,114.0
India,Madhya Pradesh,Bhopal,"T T Nagar, Bhopal - MPPCB",29-01-2026 14:00:00,23.233584,77.400574,PM2.5,75.0,136.0,100.0
India,Madhya Pradesh,Indore,"Airport Area, Indore - IMC",29-01-2026 14:00:00,22.7289,75.8076,PM2.5,74.0,283.0,140.0
India,Madhya Pradesh,Sagar,"Deen Dayal Nagar, Sagar - MPPCB",29-01-2026 14:00:00,23.8640158,78.80289321,PM2.5,2.0,96.0,60.0
India,Maharashtra,Amravati,"Shri Shivaji Science College, Amravati - MPCB",29-01-2026 14:00:00,20.939198,77.765701,PM2.5,56.0,92.0,64.0
India,Maharashtra,Mira-Bhayandar,"Bhayandar West, Mira-Bhayandar - MPCB",29-01-2026 14:00:00,19.296481,72.840923,PM2.5,68.0,142.0,89.0
India,Maharashtra,Mumbai,"Ghatkopar, Mumbai - BMC",29-01-2026 14:00:00,19.083694,72.920967,PM2.5,52.0,113.0,80.0
India,Maharashtra,Badlapur,"Katrap, Badlapur - MPCB",29-01-2026 14:00:00,19.16485,73.23409,PM2.5,45.0,143.0,90.0
India,Maharashtra,Boisar,"Khaira, Boisar - MPCB",29-01-2026 14:00:00,19.786089,72.757971,PM2.5,30.0,63.0,47.0
India,Maharashtra,Dhule,"Deopur, Dhule - MPCB",29-01-2026 14:00:00,20.918946,74.776388,PM2.5,30.0,113.0,83.0
India,Maharashtra,Mumbai,"Mazgaon, Mumbai - IITM",29-01-2026 14:00:00,18.96702,72.84214,PM2.5,40.0,106.0,66.0
India,Maharashtra,Mumbai,"Mulund West, Mumbai - MPCB",29-01-2026 14:00:00,19.175,72.9419,PM2.5,25.0,96.0,52.0
India,Maharashtra,Navi Mumbai,"Mahape, Navi Mumbai - MPCB",29-01-2026 14:00:00,19.1135051,73.008978,PM2.5,33.0,82.0,56.0
India,Maharashtra,Navi Mumbai,"Sector-2E Kalamboli, Navi Mumbai - MPCB",29-01-2026 14:00:00,19.02579,73.10297,PM2.5,34.0,72.0,49.0
India,Maharashtra,Pune,"Hadapsar, Pune - IITM",29-01-2026 14:00:00,18.501793,73.927532,PM2.5,65.0,307.0,191.0
India,Maharashtra,Nagpur,"Ram Nagar, Nagpur - MPCB",29-01-2026 14:00:00,21.143383,79.048912,PM2.5,83.0,228.0,142.0
India,Maharashtra,Navi Mumbai,"Tondare-Taloja, Navi Mumbai - MPCB",29-01-2026 14:00:00,19.063,73.1209,PM2.5,40.0,140.0,76.0
India,Maharashtra,Parbhani,"Masoom Colony, Parbhani - MPCB",29-01-2026 14:00:00,19.265594,76.761463,PM2.5,63.0,121.0,80.0
India,Maharashtra,Mumbai,"Vile Parle West, Mumbai - MPCB",29-01-2026 14:00:00,19.10861,72.83622,PM2.5,33.0,64.0,48.0
India,Punjab,Khanna,"Kalal Majra, Khanna - PPCB",29-01-2026 14:00:00,30.736056,76.209694,PM2.5,28.0,82.0,57.0
India,Punjab,Patiala,"Model Town, Patiala - PPCB",29-01-2026 14:00:00,30.349388,76.366642,PM2.5,40.0,75.0,56.0
India,Odisha,Keonjhar,"Jagamohanpur, Keonjhar - OSPCB",29-01-2026 14:00:00,21.6439,85.599355,PM2.5,117.0,255.0,186.0
India,Odisha,Bhubaneswar,"Lingraj Mandir, Bhubaneswar - OSPCB",29-01-2026 14:00:00,20.24079,85.836784,PM2.5,97.0,160.0,127.0
India,Maharashtra,Thane,"Kasarvadavali, Thane - MPCB",29-01-2026 14:00:00,19.26777,72.97182,PM2.5,27.0,59.0,45.0
India,Rajasthan,Alwar,"Moti Doongri, Alwar - RSPCB",29-01-2026 14:00:00,27.554793,76.611536,PM2.5,72.0,110.0,88.0
India,Rajasthan,Banswara,"Rati Talai, Banswara - RSPCB",29-01-2026 14:00:00,23.55519,74.44001,PM2.5,40.0,181.0,77.0
India,Puducherry,Puducherry,"Jawahar Nagar, Puducherry - PPCC",29-01-2026 14:00:00,11.9309,79.8027,PM2.5,89.0,173.0,118.0
India,Punjab,Bathinda,"Hardev Nagar, Bathinda - PPCB",29-01-2026 14:00:00,30.233011,74.907758,PM2.5,38.0,136.0,67.0
India,Maharashtra,Virar,"Bolinj, Virar - MPCB",29-01-2026 14:00:00,19.445821,72.7988231,PM2.5,41.0,80.0,58.0
India,Nagaland,Kohima,"PWD Junction, Kohima - NPCB",29-01-2026 14:00:00,25.6635413,94.0989878,PM2.5,18.0,77.0,35.0
India,Rajasthan,Jaipur,"Shastri Nagar, Jaipur - RSPCB",29-01-2026 14:00:00,26.9502929,75.730943,PM2.5,131.0,302.0,196.0
India,Rajasthan,Dholpur,"Raja Ganj, Dholpur - RSPCB",29-01-2026 14:00:00,26.699557,77.898881,PM2.5,33.0,117.0,59.0
India,Rajasthan,Jaipur,"Mansarovar Sector-12, Jaipur - RSPCB",29-01-2026 14:00:00,26.843698,75.766894,PM2.5,110.0,309.0,209.0
India,Rajasthan,Jalore,"Mudtra Sili, Jalore - RSPCB",29-01-2026 14:00:00,25.344694,72.626208,PM2.5,52.0,273.0,96.0
India,Rajasthan,Kota,"Shrinath Puram, Kota - RSPCB",29-01-2026 14:00:00,25.14389,75.821256,PM2.5,183.0,272.0,234.0
India,Rajasthan,Bhiwadi,"RIICO Ind. Area III, Bhiwadi - RSPCB",29-01-2026 14:00:00,28.194909,76.862296,PM2.5,75.0,276.0,192.0
India,Rajasthan,Pali,"Indira Colony Vistar, Pali - RSPCB",29-01-2026 14:00:00,25.771061,73.340227,PM2.5,29.0,198.0,96.0
India,TamilNadu,Gummidipoondi,"Anthoni Pillai Nagar, Gummidipoondi - TNPCB",29-01-2026 14:00:00,13.4127,80.1081,PM2.5,150.0,412.0,280.0
India,Uttar_Pradesh,Agra,"Manoharpur, Agra - UPPCB",29-01-2026 14:00:00,27.23711,78.01936,PM2.5,43.0,162.0,77.0
India,Uttar_Pradesh,Agra,"Rohta, Agra - UPPCB",29-01-2026 14:00:00,27.106972,78.000111,PM2.5,44.0,271.0,97.0
India,Telangana,Hyderabad,"Kokapet, Hyderabad - TSPCB",29-01-2026 14:00:00,17.393559,78.339194,PM2.5,55.0,68.0,59.0
India,Rajasthan,Sikar,"Radhakishan Pura, Sikar - RSPCB",29-01-2026 14:00:00,27.608912,75.153302,PM2.5,95.0,325.0,222.0
India,Uttar_Pradesh,Ghaziabad,"Vasundhara, Ghaziabad - UPPCB",29-01-2026 14:00:00,28.6603346,77.3572563,PM2.5,188.0,394.0,304.0
India,Uttar_Pradesh,Gorakhpur,"Madan Mohan Malaviya University of Technology, Gorakhpur - UPPCB",29-01-2026 14:00:00,26.730136,83.433859,PM2.5,31.0,293.0,53.0
India,Uttar_Pradesh,Greater Noida,"Knowledge Park - III, Greater Noida - UPPCB",29-01-2026 14:00:00,28.47272,77.482,PM2.5,103.0,321.0,217.0
India,Uttar_Pradesh,Kanpur,"FTI Kidwai Nagar, Kanpur - UPPCB",29-01-2026 14:00:00,26.428282,80.327067,PM2.5,12.0,100.0,36.0
India,Uttar_Pradesh,Kanpur,"Nehru Nagar, Kanpur - UPPCB",29-01-2026 14:00:00,26.4703136,80.3229863,PM2.5,37.0,136.0,67.0
India,Uttar_Pradesh,Lucknow,"Kendriya Vidyalaya, Lucknow - CPCB",29-01-2026 14:00:00,26.906111,80.948222,PM2.5,43.0,206.0,89.0
India,Uttar_Pradesh,Bareilly,"Civil Lines, Bareilly - UPPCB",29-01-2026 14:00:00,28.359581,79.414455,PM2.5,2.0,34.0,18.0
India,Uttar_Pradesh,Bulandshahr,"Yamunapuram, Bulandshahr - UPPCB",29-01-2026 14:00:00,28.406963,77.849831,PM2.5,56.0,276.0,138.0
India,Uttar_Pradesh,Moradabad,"Jigar Colony, Moradabad - UPPCB",29-01-2026 14:00:00,28.856664,78.772638,PM2.5,31.0,89.0,64.0
India,Uttar_Pradesh,Moradabad,"Transport Nagar, Moradabad - UPPCB",29-01-2026 14:00:00,28.802625,78.753728,PM2.5,16.0,62.0,43.0
India,Uttar_Pradesh,Agra,"Shahjahan Garden, Agra - UPPCB",29-01-2026 14:00:00,27.169338,78.03582,PM2.5,33.0,111.0,58.0
India,Uttar_Pradesh,Muzaffarnagar,"New Mandi, Muzaffarnagar - UPPCB",29-01-2026 14:00:00,29.4723508,77.7194031,PM2.5,81.0,304.0,156.0
India,Uttar_Pradesh,Varanasi,"Bhelupur, Varanasi - UPPCB",29-01-2026 14:00:00,25.301778,82.996789,PM2.5,24.0,76.0,52.0
India,West_Bengal,Asansol,"Mahabir Colliery, Asansol - WBPCB",29-01-2026 14:00:00,23.618183,87.105718,PM2.5,86.0,359.0,206.0
India,West_Bengal,Durgapur,"PCBL Residential Complex, Durgapur - WBPCB",29-01-2026 14:00:00,23.508764,87.35444,PM2.5,103.0,214.0,166.0
India,West_Bengal,Kolkata,"Rabindra Bharati University, Kolkata - WBPCB",29-01-2026 14:00:00,22.627847,88.380669,PM2.5,87.0,334.0,240.0
India,West_Bengal,Kolkata,"Victoria, Kolkata - WBPCB",29-01-2026 14:00:00,22.5448082,88.3403691,PM2.5,85.0,299.0,214.0
India,Bihar,Bhagalpur,"DM Office_Kachari Chowk, Bhagalpur - BSPCB",29-01-2026 14:00:00,25.251013,86.989001,PM2.5,22.0,97.0,66.0
India,Andhra_Pradesh,Visakhapatnam,"GVM Corporation, Visakhapatnam - APPCB",29-01-2026 14:00:00,17.72,83.3,PM2.5,153.0,322.0,231.0
India,Assam,Guwahati,"LGBI Airport, Guwahati - PCBA",29-01-2026 14:00:00,26.10887,91.589544,PM2.5,44.0,141.0,85.0
India,Bihar,Katihar,"Mirchaibari, Katihar - BSPCB",29-01-2026 14:00:00,25.560083,87.553265,PM2.5,30.0,173.0,103.0
India,Bihar,Buxar,"Charitra Van, Buxar - BSPCB",29-01-2026 14:00:00,25.56752,83.966379,PM2.5,55.0,137.0,75.0
India,Bihar,Gaya,"Collectorate, Gaya - BSPCB",29-01-2026 14:00:00,24.7955,84.9994,PM2.5,51.0,147.0,91.0
India,Andhra_Pradesh,Anantapur,"Gulzarpet, Anantapur - APPCB",29-01-2026 14:00:00,14.675886,77.593027,PM2.5,60.0,92.0,78.0
India,Bihar,Rajgir,"Dangi Tola, Rajgir - BSPCB",29-01-2026 14:00:00,25.0328,85.41948,PM2.5,17.0,210.0,80.0
India,Bihar,Samastipur,"DM Office_Kasipur, Samastipur - BSPCB",29-01-2026 14:00:00,25.859655,85.77944,PM2.5,40.0,217.0,87.0
India,Bihar,Sasaram,"Dada Peer, Sasaram - BSPCB",29-01-2026 14:00:00,24.952822,84.002396,PM2.5,17.0,48.0,28.0
India,Chandigarh,Chandigarh,"Sector-25, Chandigarh - CPCC",29-01-2026 14:00:00,30.751462,76.762879,PM2.5,38.0,92.0,68.0
India,Delhi,Delhi,"Anand Vihar, Delhi - DPCC",29-01-2026 14:00:00,28.647622,77.315809,PM2.5,150.0,387.0,306.0
India,Chhattisgarh,Bhilai,"32Bungalows, Bhilai - CECB",29-01-2026 14:00:00,21.194815,81.31477,PM2.5,21.0,54.0,32.0
India,Chhattisgarh,Raipur,"AIIMS, Raipur - CECB",29-01-2026 14:00:00,21.258815,81.578979,PM2.5,31.0,88.0,71.0
India,Chhattisgarh,Bilaspur,"Mangala, Bilaspur - NTPC",29-01-2026 14:00:00,22.08815,82.13737,PM2.5,62.0,158.0,90.0
India,Chhattisgarh,Chhal,"Nawapara SECL Colony, Chhal - CECB",29-01-2026 14:00:00,22.118125,83.140608,PM2.5,105.0,253.0,155.0
India,Delhi,Delhi,"Sirifort, Delhi - CPCB",29-01-2026 14:00:00,28.5504249,77.2159377,PM2.5,233.0,362.0,306.0
India,Delhi,Delhi,"Sonia Vihar, Delhi - DPCC",29-01-2026 14:00:00,28.710508,77.249485,PM2.5,123.0,362.0,264.0
India,Delhi,Delhi,"NSIT Dwarka, Delhi - CPCB",29-01-2026 14:00:00,28.60909,77.0325413,PM2.5,84.0,273.0,106.0
India,Delhi,Delhi,"Najafgarh, Delhi - DPCC",29-01-2026 14:00:00,28.570173,76.933762,PM2.5,87.0,334.0,184.0
India,Gujarat,Ahmedabad,"Chandkheda, Ahmedabad - IITM",29-01-2026 14:00:00,23.107969,72.574648,PM2.5,31.0,155.0,75.0
India,Delhi,Delhi,"Rohini, Delhi - DPCC",29-01-2026 14:00:00,28.732528,77.11992,PM2.5,147.0,350.0,269.0
India,Delhi,Delhi,"North Campus, DU, Delhi - IMD",29-01-2026 14:00:00,28.6573814,77.1585447,PM2.5,75.0,329.0,220.0
India,Gujarat,Ahmedabad,"SVPI Airport Hansol, Ahmedabad - IITM",29-01-2026 14:00:00,23.076793,72.627874,PM2.5,35.0,110.0,68.0
India,Gujarat,Ankleshwar,"GIDC, Ankleshwar - GPCB",29-01-2026 14:00:00,21.613267,73.010555,PM2.5,64.0,133.0,90.0
India,Gujarat,Vatva,"Phase-4 GIDC, Vatva - GPCB",29-01-2026 14:00:00,22.969611,72.6435,PM2.5,48.0,404.0,172.0
India,Haryana,Charkhi Dadri,"Mini Secretariat, Charkhi Dadri - HSPCB",29-01-2026 14:00:00,28.593883,76.270653,PM2.5,69.0,351.0,254.0
India,Haryana,Kurukshetra,"Sector-7, Kurukshetra - HSPCB",29-01-2026 14:00:00,29.966942,76.875879,PM2.5,68.0,102.0,85.0
India,Gujarat,Gandhinagar,"IIPHG Lekawada, Gandhinagar - IITM",29-01-2026 14:00:00,23.243639,72.68994,PM2.5,41.0,155.0,87.0
India,Haryana,Panipat,"Sector-18, Panipat - HSPCB",29-01-2026 14:00:00,29.432304,76.972765,PM2.5,49.0,50.0,49.0
India,Haryana,Faridabad,"Sector 11, Faridabad - HSPCB",29-01-2026 14:00:00,28.376058,77.315741,PM2.5,46.0,347.0,184.0
India,Karnataka,Bagalkot,"Vidayagiri, Bagalkot - KSPCB",29-01-2026 14:00:00,16.172806,75.659694,PM2.5,35.0,36.0,35.0
India,Karnataka,Bengaluru,"Bapuji Nagar, Bengaluru - KSPCB",29-01-2026 14:00:00,12.951913,77.539784,PM2.5,56.0,100.0,82.0
India,Karnataka,Hubballi,"Lingaraj Nagar, Hubballi - KSPCB",29-01-2026 14:00:00,15.3714823,75.1160168,PM2.5,36.0,37.0,36.0
India,Madhya Pradesh,Indore,"Maguda Nagar, Indore - IMC",29-01-2026 14:00:00,22.7524,75.8872,PM2.5,2.0,96.0,63.0
India,Maharashtra,Akola,"Ramdaspeth, Akola - MPCB",29-01-2026 14:00:00,20.719516,77.000253,PM2.5,35.0,60.0,47.0
India,Madhya Pradesh,Indore,"Regional Park, Indore - IMC",29-01-2026 14:00:00,22.678,75.8559,PM2.5,9.0,99.0,63.0
India,Madhya Pradesh,Jabalpur,"Marhatal, Jabalpur - MPPCB",29-01-2026 14:00:00,23.168606,79.932247,PM2.5,82.0,187.0,135.0
India,Maharashtra,Mumbai,"Bandra Kurla Complex, Mumbai - MPCB",29-01-2026 14:00:00,19.065931,72.862131,PM2.5,41.0,85.0,62.0
India,Maharashtra,Mumbai,"Kurla, Mumbai - MPCB",29-01-2026 14:00:00,19.0863,72.8888,PM2.5,33.0,154.0,91.0
India,Maharashtra,Mumbai,"Mindspace-Malad West, Mumbai - MPCB",29-01-2026 14:00:00,19.1878657,72.8304069,PM2.5,58.0,87.0,77.0
India,Maharashtra,Mumbai,"Kherwadi_Bandra East, Mumbai - MPCB",29-01-2026 14:00:00,19.0632143,72.8456324,PM2.5,39.0,87.0,62.0
India,Maharashtra,Chandrapur,"MIDC Khutala, Chandrapur - MPCB",29-01-2026 14:00:00,19.9775302,79.2337086,PM2.5,80.0,269.0,146.0
India,Maharashtra,Kolhapur,"Sinchan Bhavan, Kolhapur - MPCB",29-01-2026 14:00:00,16.7143745,74.2426398,PM2.5,21.0,110.0,46.0
India,Maharashtra,Mumbai,"Chakala-Andheri East, Mumbai - IITM",29-01-2026 14:00:00,19.11074,72.86084,PM2.5,50.0,91.0,71.0
India,Maharashtra,Mumbai,"Colaba, Mumbai - MPCB",29-01-2026 14:00:00,18.91,72.82,PM2.5,38.0,82.0,54.0
India,Maharashtra,Mumbai,"Navy Nagar-Colaba, Mumbai - IITM",29-01-2026 14:00:00,18.897756,72.81332,PM2.5,66.0,145.0,89.0
India,Maharashtra,Jalna,"Old MIDC, Jalna - MPCB",29-01-2026 14:00:00,19.854616,75.905894,PM2.5,43.0,72.0,54.0
India,Maharashtra,Nashik,"MIDC Ambad, Nashik - MPCB",29-01-2026 14:00:00,19.95022,73.73148,PM2.5,47.0,114.0,69.0
India,Maharashtra,Nashik,"Pandav Nagari, Nashik - MPCB",29-01-2026 14:00:00,19.9591346,73.7788008,PM2.5,33.0,58.0,46.0
India,Maharashtra,Pune,"Dhankawadi, Pune - IITM",29-01-2026 14:00:00,18.459883,73.852193,PM2.5,59.0,83.0,73.0
India,Maharashtra,Pune,"Mhada Colony, Pune - IITM",29-01-2026 14:00:00,18.57304,73.927715,PM2.5,75.0,267.0,173.0
India,Maharashtra,Navi Mumbai,"Sanpada, Navi Mumbai - MPCB",29-01-2026 14:00:00,19.0575752,73.0151367,PM2.5,38.0,144.0,77.0
India,Maharashtra,Pimpri-Chinchwad,"Park Street Wakad, Pimpri Chinchwad - MPCB",29-01-2026 14:00:00,18.59051,73.77946,PM2.5,34.0,99.0,68.0
India,Maharashtra,Pimpri-Chinchwad,"Savta Mali Nagar, Pimpri-Chinchwad - IITM",29-01-2026 14:00:00,18.614767,73.799516,PM2.5,29.0,116.0,72.0
India,Maharashtra,Nagpur,"Ambazari, Nagpur - MPCB",29-01-2026 14:00:00,21.121801,79.04952,PM2.5,72.0,197.0,135.0
India,Maharashtra,Nagpur,"Mahal, Nagpur - MPCB",29-01-2026 14:00:00,21.14472,79.107595,PM2.5,90.0,259.0,158.0
India,Maharashtra,Pune,"Revenue Colony-Shivajinagar, Pune - IITM",29-01-2026 14:00:00,18.530085,73.849598,PM2.5,40.0,126.0,82.0
India,Maharashtra,Sangli,"Vijay Nagar, Sangli - MPCB",29-01-2026 14:00:00,16.5038,74.3623,PM2.5,61.0,200.0,98.0
India,Odisha,Rourkela,"Fertilizer Township, Rourkela - OSPCB",29-01-2026 14:00:00,22.18972222,84.86277778,PM2.5,96.0,148.0,111.0
India,Odisha,Rourkela,"Raghunathpali, Rourkela - OSPCB",29-01-2026 14:00:00,22.220833,84.809444,PM2.5,149.0,271.0,215.0
India,Odisha,Talcher,"Talcher Coalfields,Talcher - OSPCB",29-01-2026 14:00:00,20.9360711,85.1707021,PM2.5,54.0,368.0,166.0
India,Rajasthan,Bharatpur,"Krishna Nagar, Bharatpur - RSPCB",29-01-2026 14:00:00,27.215415,77.50873,PM2.5,55.0,189.0,96.0
India,Maharashtra,Ulhasnagar,"Sidhi Vinayak Nagar, Ulhasnagar - MPCB",29-01-2026 14:00:00,19.235581,73.159121,PM2.5,42.0,118.0,87.0
India,Meghalaya,Shillong,"Lumpyngngad, Shillong - Meghalaya PCB",29-01-2026 14:00:00,25.5586,91.8985,PM2.5,7.0,500.0,106.0
India,Mizoram,Aizawl,"Sikulpuikawn, Aizawl - Mizoram PCB",29-01-2026 14:00:00,23.7176342,92.7192841,PM2.5,53.0,60.0,57.0
India,Odisha,Balasore,"Kalidaspur, Balasore - OSPCB",29-01-2026 14:00:00,21.51161,86.89088,PM2.5,210.0,334.0,309.0
India,Rajasthan,Nagaur,"Karni Colony, Nagaur - RSPCB",29-01-2026 14:00:00,27.213494,73.734444,PM2.5,28.0,113.0,57.0
India,Rajasthan,Pratapgarh,"Pragati Nagar, Pratapgarh - RSPCB",29-01-2026 14:00:00,24.041198,74.780702,PM2.5,45.0,305.0,129.0
India,Rajasthan,Dungarpur,"Bhoiwada, Dungarpur - RSPCB",29-01-2026 14:00:00,23.837789,73.714926,PM2.5,33.0,230.0,103.0
India,Rajasthan,Jodhpur,"Samrat Ashok Udhyan, Jodhpur - RSPCB",29-01-2026 14:00:00,26.253384,72.976571,PM2.5,12.0,103.0,46.0
India,Rajasthan,Kota,"Nayapura, Kota - RSPCB",29-01-2026 14:00:00,25.196024,75.855668,PM2.5,60.0,183.0,118.0
India,Rajasthan,Sirohi,"Vedhaynath Colony, Sirohi - RSPCB",29-01-2026 14:00:00,24.885261,72.857549,PM2.5,28.0,260.0,74.0
India,Rajasthan,Jodhpur,"Collectorate, Jodhpur - RSPCB",29-01-2026 14:00:00,26.268249,73.0193853,PM2.5,1.0,141.0,66.0
India,Rajasthan,Jodhpur,"Jhalamand, Jodhpur - RSPCB",29-01-2026 14:00:00,26.215415,73.070156,PM2.5,15.0,127.0,57.0
India,Rajasthan,Jaipur,"RIICO Sitapura, Jaipur - RSPCB",29-01-2026 14:00:00,26.786682,75.827928,PM2.5,117.0,333.0,251.0
India,TamilNadu,Nagapattinam,"Velippalayam, Nagapattinam - TNPCB",29-01-2026 14:00:00,10.798548,79.838212,PM2.5,75.0,224.0,99.0
India,TamilNadu,Chennai,"Arumbakkam, Chennai - TNPCB",29-01-2026 14:00:00,13.0664,80.2112,PM2.5,99.0,301.0,165.0
India,TamilNadu,Coimbatore,"PSG College of Arts and Science, Coimbatore - TNPCB",29-01-2026 14:00:00,11.0328,77.0349,PM2.5,79.0,224.0,159.0
India,Uttar_Pradesh,Agra,"Sector-3B Avas Vikas Colony, Agra - UPPCB",29-01-2026 14:00:00,27.19412,77.96237,PM2.5,6.0,143.0,75.0
India,Uttar_Pradesh,Ghaziabad,"Indirapuram, Ghaziabad - UPPCB",29-01-2026 14:00:00,28.646233,77.358075,PM2.5,223.0,372.0,306.0
India,Uttar_Pradesh,Ghaziabad,"Sanjay Nagar, Ghaziabad - UPPCB",29-01-2026 14:00:00,28.685382,77.453839,PM2.5,94.0,350.0,205.0
India,Uttar_Pradesh,Baghpat,"Sardar Patel Inter College, Baghpat - UPPCB",29-01-2026 14:00:00,28.964949,77.278761,PM2.5,94.0,331.0,203.0
India,Uttar_Pradesh,Lucknow,"Lalbagh, Lucknow - CPCB",29-01-2026 14:00:00,26.8458805,80.9365541,PM2.5,47.0,303.0,159.0
India,Uttar_Pradesh,Noida,"Sector - 62, Noida - IMD",29-01-2026 14:00:00,28.6245479,77.3577104,PM2.5,69.0,322.0,208.0
India,Uttar_Pradesh,Noida,"Sector-1, Noida - UPPCB",29-01-2026 14:00:00,28.5898,77.3101,PM2.5,171.0,372.0,276.0
India,Uttar_Pradesh,Jhansi,"Shivaji Nagar, Jhansi - UPPCB",29-01-2026 14:00:00,25.4547,78.6039,PM2.5,40.0,59.0,49.0
India,West_Bengal,Asansol,"Trivenidevi Bhalotia College, Asansol - WBPCB",29-01-2026 14:00:00,23.616515,87.119133,PM2.5,82.0,282.0,152.0
India,West_Bengal,Barrackpore,"SVSPA Campus, Barrackpore - WBPCB",29-01-2026 14:00:00,22.7605581,88.3617589,PM2.5,71.0,147.0,109.0
India,West_Bengal,Howrah,"Botanical Garden, Howrah - WBPCB",29-01-2026 14:00:00,22.554954,88.292568,PM2.5,57.0,238.0,131.0
India,West_Bengal,Howrah,"Dasnagar, Howrah - WBPCB",29-01-2026 14:00:00,22.6025571,88.3105664,PM2.5,42.0,322.0,176.0
India,West_Bengal,Howrah,"Padmapukur, Howrah - WBPCB",29-01-2026 14:00:00,22.5687319,88.2797276,PM2.5,90.0,352.0,223.0
India,Bihar,Arrah,"New DM Office, Arrah - BSPCB",29-01-2026 14:00:00,25.5626095,84.663264,PM2.5,20.0,62.0,34.0
India,Andhra_Pradesh,Vijayawada,"Kanuru, Vijayawada - APPCB",29-01-2026 14:00:00,16.486692,80.699436,PM2.5,66.0,86.0,75.0
India,Andhra_Pradesh,Vijayawada,"Rajiv Gandhi Park, Vijayawada - APPCB",29-01-2026 14:00:00,16.509717,80.612222,PM2.5,89.0,147.0,115.0
India,Andhra_Pradesh,Vijayawada,"Rajiv Nagar, Vijayawada - APPCB",29-01-2026 14:00:00,16.554731,80.64911,PM2.5,70.0,97.0,92.0
India,Assam,Nagaon,"Christianpatty, Nagaon - PCBA",29-01-2026 14:00:00,26.349082,92.68449,PM2.5,76.0,209.0,127.0
India,Bihar,Kishanganj,"SDM Office_Khagra, Kishanganj - BSPCB",29-01-2026 14:00:00,26.0881305,87.93840336,PM2.5,17.0,42.0,35.0
India,Andhra_Pradesh,Kadapa,"Yerramukkapalli, Kadapa - APPCB",29-01-2026 14:00:00,14.465052,78.824187,PM2.5,44.0,136.0,85.0
India,Bihar,Chhapra,"Darshan Nagar, Chhapra - BSPCB",29-01-2026 14:00:00,25.7808257,84.7446768,PM2.5,23.0,306.0,85.0
India,Chhattisgarh,Raipur,"Bhatagaon New ISBT, Raipur - CECB",29-01-2026 14:00:00,21.219665,81.630094,PM2.5,41.0,90.0,59.0
India,Chhattisgarh,Korba,"Urja Nagar, Korba - CECB",29-01-2026 14:00:00,22.348441,82.549611,PM2.5,32.0,317.0,87.0
India,Delhi,Delhi,"Alipur, Delhi - DPCC",29-01-2026 14:00:00,28.815329,77.15301,PM2.5,92.0,345.0,216.0
India,Chandigarh,Chandigarh,"Sector-53, Chandigarh - CPCC",29-01-2026 14:00:00,30.719859,76.738637,PM2.5,25.0,247.0,65.0
India,Delhi,Delhi,"Okhla Phase-2, Delhi - DPCC",29-01-2026 14:00:00,28.530785,77.271255,PM2.5,177.0,367.0,280.0
India,Delhi,Delhi,"Punjabi Bagh, Delhi - DPCC",29-01-2026 14:00:00,28.674045,77.131023,PM2.5,143.0,348.0,265.0
India,Delhi,Delhi,"Wazirpur, Delhi - DPCC",29-01-2026 14:00:00,28.699793,77.165453,PM2.5,170.0,358.0,283.0
India,Delhi,Delhi,"Dwarka-Sector 8, Delhi - DPCC ",29-01-2026 14:00:00,28.5710274,77.0719006,PM2.5,240.0,357.0,295.0
India,Delhi,Delhi,"IIT Delhi, Delhi - IITM",29-01-2026 14:00:00,28.54246,77.191651,PM2.5,80.0,301.0,188.0
India,Delhi,Delhi,"Jahangirpuri, Delhi - DPCC",29-01-2026 14:00:00,28.73282,77.170633,PM2.5,193.0,446.0,315.0
India,Delhi,Delhi,"Vivek Vihar, Delhi - DPCC",29-01-2026 14:00:00,28.672342,77.31526,PM2.5,168.0,372.0,303.0
India,Delhi,Delhi,"Pusa, Delhi - DPCC",29-01-2026 14:00:00,28.639652,77.146275,PM2.5,180.0,411.0,318.0
India,Delhi,Delhi,"Nehru Nagar, Delhi - DPCC",29-01-2026 14:00:00,28.56789,77.250515,PM2.5,170.0,428.0,302.0
India,Gujarat,Ahmedabad,"SAC ISRO Satellite, Ahmedabad - IITM",29-01-2026 14:00:00,23.023389,72.515201,PM2.5,50.0,113.0,71.0
India,Haryana,Sonipat,"Murthal, Sonipat - HSPCB",29-01-2026 14:00:00,29.0272,77.0621,PM2.5,55.0,265.0,136.0
India,Haryana,Bahadurgarh,"Arya Nagar, Bahadurgarh - HSPCB",29-01-2026 14:00:00,28.6701,76.9254,PM2.5,54.0,308.0,187.0
India,Haryana,Faridabad,"New Industrial Town, Faridabad - HSPCB",29-01-2026 14:00:00,28.39072,77.30059,PM2.5,124.0,141.0,134.0
India,Haryana,Manesar,"Sector-2 IMT, Manesar - HSPCB",29-01-2026 14:00:00,28.360699,76.93609,PM2.5,85.0,217.0,152.0
India,Haryana,Gurugram,"NISE Gwal Pahari, Gurugram - IMD",29-01-2026 14:00:00,28.422681,77.148944,PM2.5,79.0,329.0,186.0
India,Karnataka,Bengaluru,"Peenya, Bengaluru - CPCB",29-01-2026 14:00:00,13.0270199,77.494094,PM2.5,19.0,101.0,38.0
India,Karnataka,Bengaluru,"BWSSB Kadabesanahalli, Bengaluru - CPCB",29-01-2026 14:00:00,12.9352049,77.6814488,PM2.5,78.0,304.0,194.0
India,Karnataka,Tumakuru,"Thimmalapura, Tumakuru - KSPCB",29-01-2026 14:00:00,13.377516,77.099072,PM2.5,62.0,492.0,160.0
India,Karnataka,Vijayapura,"Ibrahimpur, Vijayapura - KSPCB",29-01-2026 14:00:00,16.802639,75.722694,PM2.5,30.0,31.0,30.0
India,Jammu_and_Kashmir,Srinagar,"Rajbagh, Srinagar - JKPCC",29-01-2026 14:00:00,34.066206,74.81982,PM2.5,16.0,32.0,22.0
India,Jharkhand,Dhanbad,"Sardar Patel Nagar, Dhanbad - JSPCB",29-01-2026 14:00:00,23.80569,86.44268,PM2.5,41.0,318.0,115.0
India,Madhya Pradesh,Pithampur,"Sector-2 Industrial Area, Pithampur - MPPCB",29-01-2026 14:00:00,22.624758,75.675238,PM2.5,87.0,315.0,233.0
India,Madhya Pradesh,Bhopal,"Paryavaran Parisar, Bhopal - MPPCB",29-01-2026 14:00:00,23.210494,77.425409,PM2.5,68.0,190.0,121.0
India,Maharashtra,Amravati,"Shivneri Colony, Amravati - MPCB",29-01-2026 14:00:00,20.9402359,77.7895248,PM2.5,48.0,69.0,57.0
India,Maharashtra,Aurangabad,"MIDC Chilkalthana, Aurangabad - MPCB",29-01-2026 14:00:00,19.87562,75.38731,PM2.5,37.0,85.0,57.0
India,Maharashtra,Ahmednagar,"Tarakpur, Ahmednagar - MPCB",29-01-2026 14:00:00,19.10122,74.73339,PM2.5,44.0,85.0,62.0
India,Madhya Pradesh,Gwalior,"City Center, Gwalior - MPPCB",29-01-2026 14:00:00,26.203442,78.193251,PM2.5,53.0,261.0,150.0
India,Maharashtra,Jalgaon,"Prabhat Colony, Jalgaon - MPCB",29-01-2026 14:00:00,21.001264,75.565602,PM2.5,53.0,121.0,74.0
India,Maharashtra,Kalyan,"Khadakpada, Kalyan - MPCB",29-01-2026 14:00:00,19.25292,73.142019,PM2.5,16.0,85.0,47.0
India,Maharashtra,Kalyan,"Pimpleshwar Mandir, Kalyan - MPCB",29-01-2026 14:00:00,19.192056,72.9585188,PM2.5,16.0,86.0,59.0
India,Maharashtra,Kolhapur,"Shivaji University, Kolhapur - MPCB",29-01-2026 14:00:00,16.6870449,74.2505872,PM2.5,45.0,115.0,64.0
India,Maharashtra,Mumbai,"Powai, Mumbai - MPCB",29-01-2026 14:00:00,19.1375,72.915056,PM2.5,19.0,75.0,46.0
India,Maharashtra,Mumbai,"Sewri, Mumbai - BMC",29-01-2026 14:00:00,19.000084,72.85673,PM2.5,48.0,161.0,74.0
India,Maharashtra,Mumbai,"Kandivali East, Mumbai - MPCB",29-01-2026 14:00:00,19.2058,72.8682,PM2.5,1.0,36.0,21.0
India,Maharashtra,Mumbai,"Kandivali West, Mumbai - BMC",29-01-2026 14:00:00,19.215859,72.831718,PM2.5,34.0,82.0,54.0
India,Maharashtra,Malegaon,"Mahesh Nagar, Malegaon - MPCB",29-01-2026 14:00:00,20.555712,74.529236,PM2.5,56.0,142.0,97.0
India,Maharashtra,Latur,"Sawe Wadi, Latur - MPCB",29-01-2026 14:00:00,18.39963,76.57452,PM2.5,85.0,131.0,101.0
India,Maharashtra,Mahad,"Kamble Tarf Birwadi, Mahad - MPCB",29-01-2026 14:00:00,18.1023399,73.4783687,PM2.5,44.0,98.0,65.0
India,Maharashtra,Chandrapur,"Chauhan Colony, Chandrapur - MPCB",29-01-2026 14:00:00,19.9629,79.298714,PM2.5,21.0,48.0,32.0
India,Maharashtra,Mumbai,"Deonar, Mumbai - IITM",29-01-2026 14:00:00,19.04946,72.923,PM2.5,36.0,110.0,74.0
India,Maharashtra,Pune,"Panchawati_Pashan, Pune - IITM",29-01-2026 14:00:00,18.536457,73.805454,PM2.5,54.0,146.0,86.0
India,Maharashtra,Solapur,"Ratandeep Housing Society, Solapur - MPCB",29-01-2026 14:00:00,17.65439,75.90649,PM2.5,74.0,217.0,120.0
India,Maharashtra,Mumbai,"Shivaji Nagar, Mumbai - BMC",29-01-2026 14:00:00,19.060498,72.923356,PM2.5,26.0,54.0,45.0
India,Maharashtra,Mumbai,"Sion, Mumbai - MPCB",29-01-2026 14:00:00,19.047,72.8746,PM2.5,32.0,81.0,57.0
India,Maharashtra,Nashik,"Gangapur Road, Nashik - MPCB",29-01-2026 14:00:00,20.0073285,73.7762427,PM2.5,38.0,290.0,85.0
India,Maharashtra,Navi Mumbai,"Kopripada-Vashi, Navi Mumbai - MPCB",29-01-2026 14:00:00,19.090337,73.014232,PM2.5,40.0,148.0,86.0
India,Odisha,Bileipada,"Tata Township, Bileipada - OSPCB",29-01-2026 14:00:00,22.06156703,85.47409613,PM2.5,177.0,328.0,256.0
India,Odisha,Angul,"Hakimapada, Angul - OSPCB",29-01-2026 14:00:00,20.832874,85.104082,PM2.5,99.0,428.0,257.0
India,Odisha,Suakati,"OMC Colony, Suakati - OSPCB",29-01-2026 14:00:00,21.606865,85.510538,PM2.5,224.0,321.0,271.0
India,Rajasthan,Bhilwara,"Pratap Nagar, Bhilwara - RSPCB",29-01-2026 14:00:00,25.339605,74.618883,PM2.5,57.0,293.0,195.0
India,Odisha,Cuttack,"CDA Area, Cuttack - OSPCB",29-01-2026 14:00:00,20.48891,85.84768,PM2.5,77.0,233.0,148.0
India,Rajasthan,Jaipur,"Sector-2 Murlipura, Jaipur - RSPCB",29-01-2026 14:00:00,26.960669,75.771817,PM2.5,82.0,306.0,170.0
India,Rajasthan,Jaisalmer,"Sadar Bazar, Jaisalmer - RSPCB",29-01-2026 14:00:00,26.912329,70.909168,PM2.5,27.0,95.0,56.0
India,Rajasthan,Jhunjhunu,"Indra Nagar, Jhunjhunu - RSPCB",29-01-2026 14:00:00,28.108988,75.386577,PM2.5,47.0,249.0,125.0
India,Rajasthan,Jaipur,"Adarsh Nagar, Jaipur - RSPCB",29-01-2026 14:00:00,26.902909,75.836858,PM2.5,121.0,275.0,180.0
India,Rajasthan,Dausa,"Khatikan Mohalla, Dausa - RSPCB",29-01-2026 14:00:00,26.895552,76.334753,PM2.5,45.0,120.0,75.0
India,TamilNadu,Thanjavur,"Parisutham Nagar, Thanjavur - TNPCB",29-01-2026 14:00:00,10.7654824,79.1389968,PM2.5,17.0,43.0,30.0
India,Telangana,Hyderabad,"Bollaram Industrial Area, Hyderabad - TSPCB",29-01-2026 14:00:00,17.540891,78.358528,PM2.5,72.0,183.0,141.0
India,Telangana,Hyderabad,"ECIL Kapra, Hyderabad - TSPCB",29-01-2026 14:00:00,17.470431,78.566959,PM2.5,20.0,138.0,51.0
India,TamilNadu,Chennai,"Perungudi, Chennai - TNPCB",29-01-2026 14:00:00,12.9533,80.2357,PM2.5,92.0,309.0,147.0
India,Telangana,Hyderabad,"Kompally Municipal Office, Hyderabad - TSPCB",29-01-2026 14:00:00,17.544899,78.486949,PM2.5,44.0,65.0,54.0
India,Uttar_Pradesh,Lucknow,"B R Ambedkar University, Lucknow - UPPCB",29-01-2026 14:00:00,26.766433,80.927299,PM2.5,27.0,60.0,44.0
India,Uttar_Pradesh,Meerut,"Ganga Nagar, Meerut - UPPCB",29-01-2026 14:00:00,28.999264,77.7590354,PM2.5,46.0,151.0,84.0
India,Uttar_Pradesh,Moradabad,"Buddhi Vihar, Moradabad - UPPCB",29-01-2026 14:00:00,28.83526,78.7446,PM2.5,24.0,63.0,49.0
India,Uttar_Pradesh,Hapur,"Anand Vihar, Hapur - UPPCB",29-01-2026 14:00:00,28.725645,77.749675,PM2.5,60.0,214.0,98.0
India,Uttar_Pradesh,Vrindavan,"Omex Eternity, Vrindavan - UPPCB",29-01-2026 14:00:00,27.571409,77.655757,PM2.5,17.0,40.0,26.0
India,Uttarakhand,Rishikesh,"Shivaji Nagar, Rishikesh - UKPCB",29-01-2026 14:00:00,30.075911,78.2859547,PM2.5,11.0,306.0,48.0
India,West_Bengal,Asansol,"Asansol Court Area, Asansol - WBPCB",29-01-2026 14:00:00,23.685297,86.945968,PM2.5,71.0,349.0,186.0
India,West_Bengal,Kolkata,"Ballygunge, Kolkata - WBPCB",29-01-2026 14:00:00,22.5367507,88.3638022,PM2.5,103.0,310.0,219.0
India,West_Bengal,Kolkata,"Bidhannagar, Kolkata - WBPCB",29-01-2026 14:00:00,22.58157048,88.41002457,PM2.5,71.0,272.0,138.0
India,West_Bengal,Kolkata,"Fort William, Kolkata - WBPCB",29-01-2026 14:00:00,22.55664,88.342674,PM2.5,82.0,330.0,178.0
India,West_Bengal,Kolkata,"Jadavpur, Kolkata - WBPCB",29-01-2026 14:00:00,22.49929,88.36917,PM2.5,104.0,356.0,244.0
